{"cameraMode":{"drawMode":0,"name":"Shaded","section":"Shading Mode"},"sceneLighting":false,"audioPlay":false,"sceneViewState":{"showFog":true,"showMaterialUpdate":false,"showSkybox":true,"showFlares":true,"showImageEffects":true,"showParticleSystems":true},"in2DMode":false,"pivot":{"x":95.48509979248047,"y":29.292510986328126,"z":192.95289611816407},"rotation":{"x":0.014163309708237648,"y":0.980766773223877,"z":0.07783063501119614,"w":-0.17848290503025056},"size":0.07977330684661865,"orthographic":false}